algorithm,seed,step,x,y
Vanilla_DQN,0,0,0.0057061194,1.3990337
Vanilla_DQN,0,1,0.011335659,1.3865806
Vanilla_DQN,0,2,0.01688366,1.3735235
Vanilla_DQN,0,3,0.0223382,1.3598566
Vanilla_DQN,0,4,0.027719975,1.3455954
Vanilla_DQN,0,5,0.0330184,1.3307384
Vanilla_DQN,0,6,0.038501073,1.3168497
Vanilla_DQN,0,7,0.04406824,1.3023651
Vanilla_DQN,0,8,0.04955225,1.2872852
Vanilla_DQN,0,9,0.054965973,1.2715967
Vanilla_DQN,0,10,0.06045084,1.2553102
Vanilla_DQN,0,11,0.065872096,1.2384223
Vanilla_DQN,0,12,0.07122068,1.2224369
Vanilla_DQN,0,13,0.0764842,1.2069721
Vanilla_DQN,0,14,0.0816638,1.1920521
Vanilla_DQN,0,15,0.08696232,1.1774747
Vanilla_DQN,0,16,0.09228344,1.1630625
Vanilla_DQN,0,17,0.097705364,1.1486714
Vanilla_DQN,0,18,0.102981284,1.1350203
Vanilla_DQN,0,19,0.108035944,1.1221952
Vanilla_DQN,0,20,0.11292343,1.1096319
Vanilla_DQN,0,21,0.11786976,1.0974747
Vanilla_DQN,0,22,0.12261286,1.0854622
Vanilla_DQN,0,23,0.12719345,1.0737814
Vanilla_DQN,0,24,0.13176699,1.0621219
Vanilla_DQN,0,25,0.13635282,1.0506837
Vanilla_DQN,0,26,0.14105168,1.0393994
Vanilla_DQN,0,27,0.14565668,1.0274979
Vanilla_DQN,0,28,0.15032978,1.0161998
Vanilla_DQN,0,29,0.15508966,1.0053113
Vanilla_DQN,0,30,0.15973338,0.9948588
Vanilla_DQN,0,31,0.16437693,0.98380727
Vanilla_DQN,0,32,0.16885872,0.9736571
Vanilla_DQN,0,33,0.17320366,0.9642107
Vanilla_DQN,0,34,0.17753372,0.9552558
Vanilla_DQN,0,35,0.18183728,0.94666886
Vanilla_DQN,0,36,0.18614092,0.9387755
Vanilla_DQN,0,37,0.19044323,0.9309403
Vanilla_DQN,0,38,0.19470891,0.9240243
Vanilla_DQN,0,39,0.19902611,0.91708034
Vanilla_DQN,0,40,0.20326957,0.91110766
Vanilla_DQN,0,41,0.20760879,0.9045638
Vanilla_DQN,0,42,0.21181765,0.8988766
Vanilla_DQN,0,43,0.2157526,0.89354455
Vanilla_DQN,0,44,0.219588,0.88899064
Vanilla_DQN,0,45,0.2235013,0.88386714
Vanilla_DQN,0,46,0.2273716,0.87915903
Vanilla_DQN,0,47,0.23120813,0.8744308
Vanilla_DQN,0,48,0.23463774,0.8701335
Vanilla_DQN,0,49,0.23762588,0.8663628
Vanilla_DQN,0,50,0.24032784,0.8632406
Vanilla_DQN,0,51,0.24308491,0.85956
Vanilla_DQN,0,52,0.24536943,0.8565182
Vanilla_DQN,0,53,0.24742241,0.85369205
Vanilla_DQN,0,54,0.2491293,0.8517141
Vanilla_DQN,0,55,0.2509013,0.8491685
Vanilla_DQN,0,56,0.25222254,0.847321
Vanilla_DQN,0,57,0.25330916,0.8454382
Vanilla_DQN,0,58,0.25412798,0.8440215
Vanilla_DQN,0,59,0.25461873,0.8432878
Vanilla_DQN,0,60,0.25486812,0.84269917
Vanilla_DQN,0,61,0.25480205,0.84281147
Vanilla_DQN,0,62,0.2548004,0.842377
Vanilla_DQN,0,63,0.25487393,0.8413924
Vanilla_DQN,0,64,0.25500432,0.8398537
Vanilla_DQN,0,65,0.25522223,0.8377689
Vanilla_DQN,0,66,0.25552693,0.8351276
Vanilla_DQN,0,67,0.25591642,0.83193773
Vanilla_DQN,0,68,0.25637645,0.8281792
Vanilla_DQN,0,69,0.2567714,0.8237726
Vanilla_DQN,0,70,0.25724792,0.8188086
Vanilla_DQN,0,71,0.25763434,0.81320745
Vanilla_DQN,0,72,0.2580759,0.80704665
Vanilla_DQN,0,73,0.25844115,0.80024415
Vanilla_DQN,0,74,0.25889835,0.7928893
Vanilla_DQN,0,75,0.25927192,0.7849019
Vanilla_DQN,0,76,0.25958508,0.7762805
Vanilla_DQN,0,77,0.259972,0.7671039
Vanilla_DQN,0,78,0.26030263,0.7572989
Vanilla_DQN,0,79,0.2605464,0.7468516
Vanilla_DQN,0,80,0.26087588,0.7358514
Vanilla_DQN,0,81,0.26114598,0.72423106
Vanilla_DQN,0,82,0.26123944,0.71348864
Vanilla_DQN,0,83,0.26139766,0.7021822
Vanilla_DQN,0,84,0.26150236,0.6909501
Vanilla_DQN,0,85,0.26128024,0.68030834
Vanilla_DQN,0,86,0.26115066,0.66909945
Vanilla_DQN,0,87,0.2608781,0.65838474
Vanilla_DQN,0,88,0.26050776,0.64778423
Vanilla_DQN,0,89,0.25983983,0.63758683
Vanilla_DQN,0,90,0.25925007,0.62682694
Vanilla_DQN,0,91,0.25869083,0.6160185
Vanilla_DQN,0,92,0.25798053,0.6061463
Vanilla_DQN,0,93,0.25706273,0.59649533
Vanilla_DQN,0,94,0.25590914,0.58743584
Vanilla_DQN,0,95,0.25468618,0.57890517
Vanilla_DQN,0,96,0.25352353,0.56979996
Vanilla_DQN,0,97,0.2523693,0.5611544
Vanilla_DQN,0,98,0.25112668,0.55261165
Vanilla_DQN,0,99,0.2498147,0.54345155
Vanilla_DQN,0,100,0.24842015,0.5336738
Vanilla_DQN,0,101,0.2469449,0.5232986
Vanilla_DQN,0,102,0.24555883,0.5123419
Vanilla_DQN,0,103,0.24399146,0.50225997
Vanilla_DQN,0,104,0.24232836,0.49156404
Vanilla_DQN,0,105,0.24068852,0.48170578
Vanilla_DQN,0,106,0.23895626,0.47124568
Vanilla_DQN,0,107,0.23729582,0.46019176
Vanilla_DQN,0,108,0.23561716,0.44980833
Vanilla_DQN,0,109,0.23387079,0.438826
Vanilla_DQN,0,110,0.23215714,0.42786536
Vanilla_DQN,0,111,0.23056336,0.41703358
Vanilla_DQN,0,112,0.22916213,0.4066332
Vanilla_DQN,0,113,0.22770004,0.3956277
Vanilla_DQN,0,114,0.22625741,0.38538623
Vanilla_DQN,0,115,0.22488174,0.37591976
Vanilla_DQN,0,116,0.22344331,0.3658604
Vanilla_DQN,0,117,0.22214146,0.35578674
Vanilla_DQN,0,118,0.22079906,0.34604067
Vanilla_DQN,0,119,0.21938916,0.3357106
Vanilla_DQN,0,120,0.21797714,0.3258148
Vanilla_DQN,0,121,0.21645088,0.31677097
Vanilla_DQN,0,122,0.21501522,0.30712703
Vanilla_DQN,0,123,0.21355152,0.2982484
Vanilla_DQN,0,124,0.21202707,0.29013485
Vanilla_DQN,0,125,0.21057835,0.28141296
Vanilla_DQN,0,126,0.20902634,0.27319294
Vanilla_DQN,0,127,0.20732908,0.26533872
Vanilla_DQN,0,128,0.20556697,0.25689712
Vanilla_DQN,0,129,0.20391007,0.24851647
Vanilla_DQN,0,130,0.20249672,0.24089815
Vanilla_DQN,0,131,0.20100193,0.2326978
Vanilla_DQN,0,132,0.19976215,0.22542337
Vanilla_DQN,0,133,0.19845343,0.21755756
Vanilla_DQN,0,134,0.19722319,0.20909221
Vanilla_DQN,0,135,0.19614391,0.20144334
Vanilla_DQN,0,136,0.19520769,0.19401206
Vanilla_DQN,0,137,0.19418593,0.18711813
Vanilla_DQN,0,138,0.19306183,0.18057519
Vanilla_DQN,0,139,0.191856,0.17344223
Vanilla_DQN,0,140,0.19073696,0.16667034
Vanilla_DQN,0,141,0.18981257,0.15992875
Vanilla_DQN,0,142,0.18907566,0.15380953
Vanilla_DQN,0,143,0.18844986,0.14854617
Vanilla_DQN,0,144,0.187753,0.14268051
Vanilla_DQN,0,145,0.1871479,0.1362058
Vanilla_DQN,0,146,0.1867117,0.1301973
Vanilla_DQN,0,147,0.18629932,0.1251604
Vanilla_DQN,0,148,0.18588686,0.119523466
Vanilla_DQN,0,149,0.18551512,0.114599496
Vanilla_DQN,0,150,0.18514338,0.10907565
Vanilla_DQN,0,151,0.18475075,0.10424274
Vanilla_DQN,0,152,0.18452282,0.0995189
Vanilla_DQN,0,153,0.18433857,0.09530934
Vanilla_DQN,0,154,0.18415432,0.090499885
Vanilla_DQN,0,155,0.18396015,0.08634812
Vanilla_DQN,0,156,0.18376598,0.08159646
Vanilla_DQN,0,157,0.18354635,0.07715357
Vanilla_DQN,0,158,0.18327732,0.07363165
Vanilla_DQN,0,159,0.1830082,0.06950963
Vanilla_DQN,0,160,0.18273917,0.06478773
Vanilla_DQN,0,161,0.1825428,0.060813628
Vanilla_DQN,0,162,0.18239641,0.05699409
Vanilla_DQN,0,163,0.18225011,0.052574597
Vanilla_DQN,0,164,0.18220425,0.048824582
Vanilla_DQN,0,165,0.18215838,0.044474468
Vanilla_DQN,0,166,0.18216772,0.040303882
Vanilla_DQN,0,167,0.18238917,0.03645545
Vanilla_DQN,0,168,0.18253441,0.03350781
Vanilla_DQN,0,169,0.18267974,0.02996014
Vanilla_DQN,0,170,0.18282509,0.025812445
Vanilla_DQN,0,171,0.1831562,0.022328291
Vanilla_DQN,0,172,0.18339786,0.018246397
Vanilla_DQN,0,173,0.183708,0.014947781
Vanilla_DQN,0,174,0.18408756,0.01104506
Vanilla_DQN,0,175,0.18430491,0.007151351
Vanilla_DQN,0,176,0.18450451,0.0045443866
Vanilla_DQN,0,177,0.18457499,0.002894292
Vanilla_DQN,0,178,0.1846015,0.0016472078
Vanilla_DQN,0,179,0.18460616,0.0012798524
Vanilla_DQN,0,180,0.18451262,0.0008967256
Vanilla_DQN,0,181,0.18452778,0.00074419734
Vanilla_DQN,0,182,0.18455572,0.0009832716
Vanilla_DQN,0,183,0.18455544,0.0009885645
Vanilla_DQN,0,184,0.18455753,0.0009437895
Vanilla_DQN,0,185,0.18456355,0.00097211363
Vanilla_DQN,0,186,0.18456717,0.0011060811
Vanilla_DQN,0,187,0.18457146,0.001376555
Vanilla_DQN,0,188,0.18455096,0.0013800598
Vanilla_DQN,0,189,0.18454418,0.0013783074
Vanilla_DQN,0,190,0.18454608,0.0013784147
Vanilla_DQN,0,191,0.18454942,0.0013786292
Vanilla_DQN,0,192,0.18455076,0.0013787723
Vanilla_DQN,0,193,0.18455057,0.0013788438
Vanilla_DQN,0,194,0.1845499,0.0013789153
Vanilla_DQN,0,195,0.18454961,0.0013789869
Vanilla_DQN,0,196,0.18454942,0.0013789869
Vanilla_DQN,0,197,0.18454953,0.0013789869
Vanilla_DQN,0,198,0.18454961,0.0013789869
Vanilla_DQN,0,199,0.18454961,0.0013789869
Vanilla_DQN,0,200,0.18454961,0.0013789869
Vanilla_DQN,0,201,0.18454961,0.0013789869
Vanilla_DQN,0,202,0.18454961,0.0013789869
Vanilla_DQN,0,203,0.18454961,0.0013789869
Vanilla_DQN,0,204,0.18454961,0.0013789869
Vanilla_DQN,0,205,0.18454961,0.0013789869
Vanilla_DQN,0,206,0.18454961,0.0013789869
Vanilla_DQN,0,207,0.18454961,0.0013789869
Vanilla_DQN,0,208,0.18454961,0.0013789869
Vanilla_DQN,0,209,0.18454961,0.0013789869
Vanilla_DQN,0,210,0.18454961,0.0013789869
Vanilla_DQN,0,211,0.18454961,0.0013789869
Vanilla_DQN,0,212,0.18454961,0.0013789869
Double_DQN,0,0,0.0057061194,1.3990337
Double_DQN,0,1,0.011335659,1.3865806
Double_DQN,0,2,0.01688366,1.3735235
Double_DQN,0,3,0.0223382,1.3598566
Double_DQN,0,4,0.027719975,1.3455954
Double_DQN,0,5,0.0330184,1.3307384
Double_DQN,0,6,0.03831663,1.3152819
Double_DQN,0,7,0.043614864,1.2992254
Double_DQN,0,8,0.048912905,1.2825689
Double_DQN,0,9,0.054210853,1.2653127
Double_DQN,0,10,0.05950861,1.2474568
Double_DQN,0,11,0.06480627,1.2290009
Double_DQN,0,12,0.07010384,1.2099452
Double_DQN,0,13,0.075401306,1.1902895
Double_DQN,0,14,0.080622576,1.1711795
Double_DQN,0,15,0.08597012,1.1524096
Double_DQN,0,16,0.091347314,1.1338041
Double_DQN,0,17,0.0968317,1.115217
Double_DQN,0,18,0.102185726,1.0973734
Double_DQN,0,19,0.10733662,1.0803614
Double_DQN,0,20,0.112487316,1.0627493
Double_DQN,0,21,0.117711924,1.045541
Double_DQN,0,22,0.12274484,1.0284846
Double_DQN,0,23,0.12763071,1.0117651
Double_DQN,0,24,0.13252011,0.9950668
Double_DQN,0,25,0.13743648,0.9785892
Double_DQN,0,26,0.14248028,0.9622599
Double_DQN,0,27,0.14733648,0.94622
Double_DQN,0,28,0.15228787,0.9307786
Double_DQN,0,29,0.1573515,0.9157405
Double_DQN,0,30,0.16232833,0.90114385
Double_DQN,0,31,0.16741419,0.887142
Double_DQN,0,32,0.17238827,0.8740507
Double_DQN,0,33,0.17727213,0.86167186
Double_DQN,0,34,0.1821824,0.8497832
Double_DQN,0,35,0.18710518,0.83826274
Double_DQN,0,36,0.19208279,0.82743204
Double_DQN,0,37,0.19708863,0.81665754
Double_DQN,0,38,0.20212927,0.8068016
Double_DQN,0,39,0.20724964,0.7969092
Double_DQN,0,40,0.21237735,0.7879912
Double_DQN,0,41,0.21760178,0.77918774
Double_DQN,0,42,0.2227746,0.771252
Double_DQN,0,43,0.22772618,0.7637013
Double_DQN,0,44,0.23265295,0.75693625
Double_DQN,0,45,0.23748378,0.75036377
Double_DQN,0,46,0.24232559,0.7442092
Double_DQN,0,47,0.2471633,0.73803735
Double_DQN,0,48,0.251647,0.7323399
Double_DQN,0,49,0.25574532,0.7272151
Double_DQN,0,50,0.25961742,0.7227668
Double_DQN,0,51,0.26306477,0.7190971
Double_DQN,0,52,0.26609546,0.7161109
Double_DQN,0,53,0.2689294,0.71336174
Double_DQN,0,54,0.27147666,0.7114901
Double_DQN,0,55,0.27376986,0.7097324
Double_DQN,0,56,0.27565926,0.70870787
Double_DQN,0,57,0.27733278,0.70766544
Double_DQN,0,58,0.27908173,0.70606613
Double_DQN,0,59,0.2805398,0.7051701
Double_DQN,0,60,0.28199777,0.7036745
Double_DQN,0,61,0.28345555,0.70157933
Double_DQN,0,62,0.28450376,0.7002879
Double_DQN,0,63,0.28562814,0.69844264
Double_DQN,0,64,0.28628618,0.6972413
Double_DQN,0,65,0.2870326,0.69549066
Double_DQN,0,66,0.28777915,0.69314003
Double_DQN,0,67,0.2883993,0.6911475
Double_DQN,0,68,0.2890195,0.68855494
Double_DQN,0,69,0.28953972,0.6859564
Double_DQN,0,70,0.2899251,0.6835516
Double_DQN,0,71,0.2898032,0.68187135
Double_DQN,0,72,0.28973562,0.67963415
Double_DQN,0,73,0.2896679,0.67679703
Double_DQN,0,74,0.28949937,0.6744182
Double_DQN,0,75,0.28933078,0.67143935
Double_DQN,0,76,0.28908044,0.6686826
Double_DQN,0,77,0.28890055,0.6653795
Double_DQN,0,78,0.28866348,0.6623982
Double_DQN,0,79,0.28810272,0.6595426
Double_DQN,0,80,0.2876235,0.656147
Double_DQN,0,81,0.28699198,0.6533807
Double_DQN,0,82,0.28636035,0.6500141
Double_DQN,0,83,0.2852891,0.64732075
Double_DQN,0,84,0.28429928,0.64406663
Double_DQN,0,85,0.28288633,0.6413323
Double_DQN,0,86,0.28156215,0.63804746
Double_DQN,0,87,0.2803138,0.63420796
Double_DQN,0,88,0.27890748,0.6304586
Double_DQN,0,89,0.2771209,0.627047
Double_DQN,0,90,0.27540836,0.62308776
Double_DQN,0,91,0.27367955,0.6190816
Double_DQN,0,92,0.27187634,0.6144543
Double_DQN,0,93,0.2697978,0.61000174
Double_DQN,0,94,0.2673835,0.60608476
Double_DQN,0,95,0.26489648,0.60154116
Double_DQN,0,96,0.2624672,0.59643376
Double_DQN,0,97,0.25995046,0.5917768
Double_DQN,0,98,0.2572814,0.5871967
Double_DQN,0,99,0.2546031,0.58262104
Double_DQN,0,100,0.25179824,0.57803607
Double_DQN,0,101,0.2487855,0.57425904
Double_DQN,0,102,0.24570408,0.56987286
Double_DQN,0,103,0.24268427,0.56491596
Double_DQN,0,104,0.23943958,0.5599113
Double_DQN,0,105,0.2361209,0.5542986
Double_DQN,0,106,0.23257284,0.549091
Double_DQN,0,107,0.22893886,0.5432699
Double_DQN,0,108,0.22538109,0.53687084
Double_DQN,0,109,0.22175607,0.5298602
Double_DQN,0,110,0.21805649,0.52222675
Double_DQN,0,111,0.21435681,0.51399386
Double_DQN,0,112,0.21065703,0.50516146
Double_DQN,0,113,0.20689735,0.49571273
Double_DQN,0,114,0.20313759,0.48566425
Double_DQN,0,115,0.19930267,0.47501314
Double_DQN,0,116,0.19554654,0.46498877
Double_DQN,0,117,0.19187784,0.45497075
Double_DQN,0,118,0.18828125,0.4443592
Double_DQN,0,119,0.18470192,0.4347218
Double_DQN,0,120,0.18104057,0.4244744
Double_DQN,0,121,0.17715445,0.4150496
Double_DQN,0,122,0.17335835,0.40504038
Double_DQN,0,123,0.16943197,0.39578313
Double_DQN,0,124,0.16541557,0.38592398
Double_DQN,0,125,0.16132918,0.37636414
Double_DQN,0,126,0.15705518,0.3672806
Double_DQN,0,127,0.15256043,0.3585296
Double_DQN,0,128,0.1481432,0.35049257
Double_DQN,0,129,0.14365539,0.34184104
Double_DQN,0,130,0.1392931,0.33398703
Double_DQN,0,131,0.13500652,0.32554758
Double_DQN,0,132,0.1306592,0.31651497
Double_DQN,0,133,0.12636861,0.30794057
Double_DQN,0,134,0.122019485,0.30024612
Double_DQN,0,135,0.11775704,0.29196718
Double_DQN,0,136,0.11356564,0.28392684
Double_DQN,0,137,0.109192275,0.276398
Double_DQN,0,138,0.10463705,0.26919323
Double_DQN,0,139,0.10002899,0.2624099
Double_DQN,0,140,0.09550343,0.25502953
Double_DQN,0,141,0.09112282,0.24770923
Double_DQN,0,142,0.08683939,0.2410349
Double_DQN,0,143,0.08256598,0.23522617
Double_DQN,0,144,0.0783803,0.22880895
Double_DQN,0,145,0.07430582,0.22291496
Double_DQN,0,146,0.07032289,0.21642302
Double_DQN,0,147,0.066289805,0.21090211
Double_DQN,0,148,0.062331486,0.20477286
Double_DQN,0,149,0.058370877,0.19935952
Double_DQN,0,150,0.05429983,0.19449514
Double_DQN,0,151,0.050141238,0.18904354
Double_DQN,0,152,0.046140384,0.18370543
Double_DQN,0,153,0.042179585,0.1788829
Double_DQN,0,154,0.038136292,0.17494033
Double_DQN,0,155,0.03400755,0.1704134
Double_DQN,0,156,0.029982662,0.16598462
Double_DQN,0,157,0.02595129,0.16186589
Double_DQN,0,158,0.021830177,0.15717167
Double_DQN,0,159,0.017609214,0.15296037
Double_DQN,0,160,0.013577366,0.1488182
Double_DQN,0,161,0.009667778,0.14541616
Double_DQN,0,162,0.0056814193,0.14142115
Double_DQN,0,163,0.0018149376,0.13734542
Double_DQN,0,164,-0.0018947602,0.13392642
Double_DQN,0,165,-0.005699539,0.12992786
Double_DQN,0,166,-0.009412956,0.12610109
Double_DQN,0,167,-0.01287136,0.12257174
Double_DQN,0,168,-0.016264057,0.118440636
Double_DQN,0,169,-0.019492913,0.11483088
Double_DQN,0,170,-0.022808265,0.110628255
Double_DQN,0,171,-0.025876904,0.10706535
Double_DQN,0,172,-0.028877448,0.10288676
Double_DQN,0,173,-0.031740475,0.09947956
Double_DQN,0,174,-0.03453455,0.0954599
Double_DQN,0,175,-0.03745737,0.091466986
Double_DQN,0,176,-0.040404417,0.08801852
Double_DQN,0,177,-0.04337244,0.085531935
Double_DQN,0,178,-0.046423055,0.0824592
Double_DQN,0,179,-0.049322225,0.079532444
Double_DQN,0,180,-0.052043535,0.077181466
Double_DQN,0,181,-0.054692842,0.07420729
Double_DQN,0,182,-0.05742359,0.070648536
Double_DQN,0,183,-0.060219478,0.06707269
Double_DQN,0,184,-0.06301622,0.06442338
Double_DQN,0,185,-0.06558247,0.06256028
Double_DQN,0,186,-0.06807165,0.06008049
Double_DQN,0,187,-0.0706317,0.0570217
Double_DQN,0,188,-0.072984315,0.054737173
Double_DQN,0,189,-0.075241946,0.051839884
Double_DQN,0,190,-0.0775013,0.049740825
Double_DQN,0,191,-0.0796978,0.047036014
Double_DQN,0,192,-0.081847474,0.04470135
Double_DQN,0,193,-0.08377304,0.042464387
Double_DQN,0,194,-0.085820004,0.04028271
Double_DQN,0,195,-0.08760814,0.03831726
Double_DQN,0,196,-0.08919926,0.036518965
Double_DQN,0,197,-0.09068928,0.034811866
Double_DQN,0,198,-0.09194727,0.033998545
Double_DQN,0,199,-0.09320507,0.032585416
Double_DQN,0,200,-0.09446297,0.030572329
Double_DQN,0,201,-0.095439434,0.029249176
Double_DQN,0,202,-0.0964159,0.027325997
Double_DQN,0,203,-0.097374246,0.025891123
Double_DQN,0,204,-0.09830465,0.025207482
Double_DQN,0,205,-0.09923496,0.023923883
Double_DQN,0,206,-0.09993267,0.023227224
Double_DQN,0,207,-0.10063048,0.021930752
Double_DQN,0,208,-0.10117588,0.02096716
Double_DQN,0,209,-0.101750374,0.019870887
Double_DQN,0,210,-0.1021739,0.019448886
Double_DQN,0,211,-0.10256834,0.019443594
Double_DQN,0,212,-0.10287762,0.018813524
Double_DQN,0,213,-0.10311985,0.017574701
Double_DQN,0,214,-0.10336208,0.015736207
Double_DQN,0,215,-0.10360432,0.013298187
Double_DQN,0,216,-0.10372944,0.011641655
Double_DQN,0,217,-0.10392084,0.010198341
Double_DQN,0,218,-0.103905775,0.009403906
Double_DQN,0,219,-0.10387115,0.00924891
Double_DQN,0,220,-0.10376272,0.009619699
Double_DQN,0,221,-0.10357924,0.009397325
Double_DQN,0,222,-0.103302,0.0085628005
Double_DQN,0,223,-0.102963254,0.0071360804
Double_DQN,0,224,-0.10254011,0.0050998186
Double_DQN,0,225,-0.10206318,0.0038145042
Double_DQN,0,226,-0.10172071,0.0026569343
Double_DQN,0,227,-0.101260185,0.0019540167
Double_DQN,0,228,-0.10073729,0.0006448126
Double_DQN,0,229,-0.10033159,-0.0001631403
Double_DQN,0,230,-0.100065805,-0.0010981226
Double_DQN,0,231,-0.0999033,-0.0014433408
Double_DQN,0,232,-0.0998045,-0.0013307952
Double_DQN,0,233,-0.0996809,-0.00083676813
Double_DQN,0,234,-0.09965515,-0.0003000045
Double_DQN,0,235,-0.09960117,-0.00026252508
Double_DQN,0,236,-0.099588774,-0.00026560068
Double_DQN,0,237,-0.09959946,-0.0002659583
Double_DQN,0,238,-0.09961052,-0.0002659583
Double_DQN,0,239,-0.09961424,-0.0002659583
Double_DQN,0,240,-0.09961319,-0.0002659583
Double_DQN,0,241,-0.099611185,-0.0002659583
Double_DQN,0,242,-0.09961023,-0.0002659583
Double_DQN,0,243,-0.09961023,-0.0002659583
Double_DQN,0,244,-0.09961061,-0.0002659583
Double_DQN,0,245,-0.099610806,-0.0002659583
Double_DQN,0,246,-0.099610806,-0.0002659583
Double_DQN,0,247,-0.09961071,-0.0002659583
Double_DQN,0,248,-0.09961071,-0.0002659583
Double_DQN,0,249,-0.09961071,-0.0002659583
Double_DQN,0,250,-0.09961071,-0.0002659583
Double_DQN,0,251,-0.09961071,-0.0002659583
Double_DQN,0,252,-0.09961071,-0.0002659583
Double_DQN,0,253,-0.09961071,-0.0002659583
Double_DQN,0,254,-0.09961071,-0.0002659583
Double_DQN,0,255,-0.09961071,-0.0002659583
Double_DQN,0,256,-0.09961071,-0.0002659583
Double_DQN,0,257,-0.09961071,-0.0002659583
Double_DQN,0,258,-0.09961071,-0.0002659583
Double_DQN,0,259,-0.09961071,-0.0002659583
Dueling_DQN,0,0,0.0057061194,1.3990337
Dueling_DQN,0,1,0.011335659,1.3865806
Dueling_DQN,0,2,0.01688366,1.3735235
Dueling_DQN,0,3,0.0223382,1.3598566
Dueling_DQN,0,4,0.027719975,1.3455954
Dueling_DQN,0,5,0.03306856,1.3319046
Dueling_DQN,0,6,0.03860388,1.3191807
Dueling_DQN,0,7,0.04406624,1.3058625
Dueling_DQN,0,8,0.049491215,1.2931911
Dueling_DQN,0,9,0.054996967,1.2805858
Dueling_DQN,0,10,0.06043024,1.2684553
Dueling_DQN,0,11,0.06599989,1.2567607
Dueling_DQN,0,12,0.0715044,1.2459689
Dueling_DQN,0,13,0.0769228,1.234577
Dueling_DQN,0,14,0.08226337,1.2237304
Dueling_DQN,0,15,0.08772726,1.2132256
Dueling_DQN,0,16,0.09321661,1.2028861
Dueling_DQN,0,17,0.09880886,1.1925669
Dueling_DQN,0,18,0.10425854,1.1829891
Dueling_DQN,0,19,0.109489724,1.1742381
Dueling_DQN,0,20,0.114628315,1.1648743
Dueling_DQN,0,21,0.119824216,1.1559179
Dueling_DQN,0,22,0.12508126,1.1463635
Dueling_DQN,0,23,0.13017015,1.1371391
Dueling_DQN,0,24,0.13524666,1.127936
Dueling_DQN,0,25,0.14032678,1.1189553
Dueling_DQN,0,26,0.14551087,1.1101319
Dueling_DQN,0,27,0.15047722,1.101583
Dueling_DQN,0,28,0.15553837,1.0924566
Dueling_DQN,0,29,0.16067371,1.0837414
Dueling_DQN,0,30,0.16568212,1.0754588
Dueling_DQN,0,31,0.17075214,1.0677786
Dueling_DQN,0,32,0.17589751,1.0595276
Dueling_DQN,0,33,0.18090048,1.0519786
Dueling_DQN,0,34,0.18588695,1.0449201
Dueling_DQN,0,35,0.19096069,1.0372826
Dueling_DQN,0,36,0.19604187,1.0303371
Dueling_DQN,0,37,0.20112868,1.0234485
Dueling_DQN,0,38,0.20620117,1.0174786
Dueling_DQN,0,39,0.21136694,1.0109236
Dueling_DQN,0,40,0.21649942,1.0053412
Dueling_DQN,0,41,0.22171316,0.99987644
Dueling_DQN,0,42,0.2270155,0.99384815
Dueling_DQN,0,43,0.23208542,0.98819774
Dueling_DQN,0,44,0.23712349,0.98333114
Dueling_DQN,0,45,0.24216147,0.97786474
Dueling_DQN,0,46,0.24721774,0.9728143
Dueling_DQN,0,47,0.25227794,0.9677449
Dueling_DQN,0,48,0.2570052,0.96316296
Dueling_DQN,0,49,0.2617901,0.95800555
Dueling_DQN,0,50,0.26639014,0.95353764
Dueling_DQN,0,51,0.2709902,0.9484699
Dueling_DQN,0,52,0.27523223,0.94412357
Dueling_DQN,0,53,0.27947435,0.93917716
Dueling_DQN,0,54,0.28351507,0.9351385
Dueling_DQN,0,55,0.28755578,0.9305001
Dueling_DQN,0,56,0.29128665,0.92664886
Dueling_DQN,0,57,0.29501754,0.9221978
Dueling_DQN,0,58,0.29860145,0.9182645
Dueling_DQN,0,59,0.30200642,0.91507846
Dueling_DQN,0,60,0.30541134,0.9112925
Dueling_DQN,0,61,0.30865937,0.90827024
Dueling_DQN,0,62,0.31190747,0.904648
Dueling_DQN,0,63,0.3152358,0.90045434
Dueling_DQN,0,64,0.31823224,0.8969982
Dueling_DQN,0,65,0.3212288,0.89294213
Dueling_DQN,0,66,0.32425898,0.88887995
Dueling_DQN,0,67,0.32727107,0.88519424
Dueling_DQN,0,68,0.33015984,0.88141567
Dueling_DQN,0,69,0.3330183,0.8776478
Dueling_DQN,0,70,0.33583632,0.87409705
Dueling_DQN,0,71,0.33831197,0.8713848
Dueling_DQN,0,72,0.3407876,0.86807257
Dueling_DQN,0,73,0.34311208,0.86505675
Dueling_DQN,0,74,0.34543666,0.86144084
Dueling_DQN,0,75,0.34751338,0.8585142
Dueling_DQN,0,76,0.34961233,0.8558182
Dueling_DQN,0,77,0.35171136,0.8525223
Dueling_DQN,0,78,0.35387087,0.84954774
Dueling_DQN,0,79,0.35609618,0.84598845
Dueling_DQN,0,80,0.35824555,0.8432819
Dueling_DQN,0,81,0.36039495,0.8399755
Dueling_DQN,0,82,0.3624424,0.8375625
Dueling_DQN,0,83,0.36448985,0.83454937
Dueling_DQN,0,84,0.3665374,0.8309365
Dueling_DQN,0,85,0.36830625,0.8279404
Dueling_DQN,0,86,0.37010565,0.82530886
Dueling_DQN,0,87,0.37198552,0.82210165
Dueling_DQN,0,88,0.37378654,0.81901276
Dueling_DQN,0,89,0.37531215,0.8163397
Dueling_DQN,0,90,0.37683773,0.81306696
Dueling_DQN,0,91,0.3784005,0.80974317
Dueling_DQN,0,92,0.37982216,0.80735594
Dueling_DQN,0,93,0.3812437,0.8043686
Dueling_DQN,0,94,0.38266525,0.8007816
Dueling_DQN,0,95,0.38400412,0.7977192
Dueling_DQN,0,96,0.385343,0.7940571
Dueling_DQN,0,97,0.38668185,0.789795
Dueling_DQN,0,98,0.3879096,0.78562605
Dueling_DQN,0,99,0.3891611,0.7814593
Dueling_DQN,0,100,0.39031583,0.77729416
Dueling_DQN,0,101,0.39132556,0.7739532
Dueling_DQN,0,102,0.39229536,0.77149945
Dueling_DQN,0,103,0.39326516,0.768446
Dueling_DQN,0,104,0.39402667,0.76535755
Dueling_DQN,0,105,0.394713,0.76310205
Dueling_DQN,0,106,0.39518976,0.7612603
Dueling_DQN,0,107,0.39550036,0.76002806
Dueling_DQN,0,108,0.39569616,0.75945425
Dueling_DQN,0,109,0.39589196,0.7582807
Dueling_DQN,0,110,0.39608774,0.7565073
Dueling_DQN,0,111,0.39634323,0.75487906
Dueling_DQN,0,112,0.39670485,0.7537099
Dueling_DQN,0,113,0.3970665,0.7519409
Dueling_DQN,0,114,0.39742804,0.749572
Dueling_DQN,0,115,0.3977398,0.7479796
Dueling_DQN,0,116,0.39805156,0.7457873
Dueling_DQN,0,117,0.39844933,0.7436019
Dueling_DQN,0,118,0.3988472,0.74081653
Dueling_DQN,0,119,0.39925718,0.73900527
Dueling_DQN,0,120,0.39966726,0.73659414
Dueling_DQN,0,121,0.40007734,0.7335829
Dueling_DQN,0,122,0.40052348,0.7312477
Dueling_DQN,0,123,0.40096968,0.7283123
Dueling_DQN,0,124,0.40148345,0.72479254
Dueling_DQN,0,125,0.40199718,0.72067267
Dueling_DQN,0,126,0.4023161,0.7170263
Dueling_DQN,0,127,0.40240842,0.71370935
Dueling_DQN,0,128,0.40250063,0.7097928
Dueling_DQN,0,129,0.4026391,0.705952
Dueling_DQN,0,130,0.4028987,0.7029097
Dueling_DQN,0,131,0.40315828,0.6992676
Dueling_DQN,0,132,0.40353602,0.6965886
Dueling_DQN,0,133,0.4039138,0.69330984
Dueling_DQN,0,134,0.40429154,0.689431
Dueling_DQN,0,135,0.40466928,0.6849524
Dueling_DQN,0,136,0.4051202,0.6807119
Dueling_DQN,0,137,0.40557116,0.6758713
Dueling_DQN,0,138,0.40602216,0.67043084
Dueling_DQN,0,139,0.406421,0.6654119
Dueling_DQN,0,140,0.40682775,0.66076255
Dueling_DQN,0,141,0.40723458,0.65551347
Dueling_DQN,0,142,0.4077322,0.65091103
Dueling_DQN,0,143,0.40822992,0.64570874
Dueling_DQN,0,144,0.40872756,0.6399063
Dueling_DQN,0,145,0.40932217,0.63462967
Dueling_DQN,0,146,0.4099168,0.628753
Dueling_DQN,0,147,0.4105114,0.62227637
Dueling_DQN,0,148,0.41105384,0.6159014
Dueling_DQN,0,149,0.4115511,0.6102393
Dueling_DQN,0,150,0.41189328,0.60511285
Dueling_DQN,0,151,0.41213503,0.6006691
Dueling_DQN,0,152,0.4123768,0.5956253
Dueling_DQN,0,153,0.41259804,0.59109735
Dueling_DQN,0,154,0.4128193,0.5859695
Dueling_DQN,0,155,0.41296464,0.58149433
Dueling_DQN,0,156,0.41316718,0.5771287
Dueling_DQN,0,157,0.41336966,0.5721631
Dueling_DQN,0,158,0.41345292,0.5681098
Dueling_DQN,0,159,0.41353607,0.5634566
Dueling_DQN,0,160,0.41375676,0.5589
Dueling_DQN,0,161,0.41397753,0.55374354
Dueling_DQN,0,162,0.4141983,0.54798704
Dueling_DQN,0,163,0.4144969,0.54216766
Dueling_DQN,0,164,0.41485062,0.53702396
Dueling_DQN,0,165,0.41520444,0.53128034
Dueling_DQN,0,166,0.41555816,0.5249366
Dueling_DQN,0,167,0.41609487,0.5189291
Dueling_DQN,0,168,0.4166317,0.51232153
Dueling_DQN,0,169,0.4170971,0.5051168
Dueling_DQN,0,170,0.41749638,0.49798024
Dueling_DQN,0,171,0.4180456,0.49151775
Dueling_DQN,0,172,0.4185009,0.48533836
Dueling_DQN,0,173,0.41898823,0.4799449
Dueling_DQN,0,174,0.41938677,0.47395098
Dueling_DQN,0,175,0.41960794,0.46795672
Dueling_DQN,0,176,0.4197113,0.46249375
Dueling_DQN,0,177,0.4196619,0.45797598
Dueling_DQN,0,178,0.41956672,0.45385596
Dueling_DQN,0,179,0.41955575,0.4499056
Dueling_DQN,0,180,0.41961557,0.44655627
Dueling_DQN,0,181,0.4196147,0.44321668
Dueling_DQN,0,182,0.4195737,0.44034556
Dueling_DQN,0,183,0.41941318,0.43743783
Dueling_DQN,0,184,0.41910714,0.43544084
Dueling_DQN,0,185,0.41880113,0.4328439
Dueling_DQN,0,186,0.4184681,0.43058088
Dueling_DQN,0,187,0.41817778,0.42910832
Dueling_DQN,0,188,0.4178874,0.42703572
Dueling_DQN,0,189,0.41759712,0.42436317
Dueling_DQN,0,190,0.41716355,0.42247218
Dueling_DQN,0,191,0.4167301,0.41998124
Dueling_DQN,0,192,0.41623992,0.41785908
Dueling_DQN,0,193,0.41574973,0.41513687
Dueling_DQN,0,194,0.41506654,0.41242993
Dueling_DQN,0,195,0.4143834,0.409123
Dueling_DQN,0,196,0.41380492,0.40602294
Dueling_DQN,0,197,0.41324395,0.40302974
Dueling_DQN,0,198,0.41273156,0.4009688
Dueling_DQN,0,199,0.41221905,0.39830783
Dueling_DQN,0,200,0.41179696,0.3966073
Dueling_DQN,0,201,0.41137496,0.39430684
Dueling_DQN,0,202,0.41095287,0.39140642
Dueling_DQN,0,203,0.4104061,0.38897833
Dueling_DQN,0,204,0.40985927,0.3859503
Dueling_DQN,0,205,0.40929824,0.38345182
Dueling_DQN,0,206,0.4087371,0.38035333
Dueling_DQN,0,207,0.4082052,0.37729657
Dueling_DQN,0,208,0.40769005,0.3745998
Dueling_DQN,0,209,0.4071725,0.37255606
Dueling_DQN,0,210,0.40665483,0.36991227
Dueling_DQN,0,211,0.40603057,0.3676722
Dueling_DQN,0,212,0.4054064,0.36483222
Dueling_DQN,0,213,0.4046336,0.3626373
Dueling_DQN,0,214,0.40386087,0.3598424
Dueling_DQN,0,215,0.4031805,0.35645458
Dueling_DQN,0,216,0.40246105,0.35349977
Dueling_DQN,0,217,0.4017415,0.34994504
Dueling_DQN,0,218,0.40111312,0.34706742
Dueling_DQN,0,219,0.40048465,0.34358978
Dueling_DQN,0,220,0.39985076,0.34064078
Dueling_DQN,0,221,0.3991391,0.33859485
Dueling_DQN,0,222,0.3984275,0.33594897
Dueling_DQN,0,223,0.39771575,0.33270314
Dueling_DQN,0,224,0.3970379,0.32959157
Dueling_DQN,0,225,0.3963706,0.3272326
Dueling_DQN,0,226,0.39570323,0.3242737
Dueling_DQN,0,227,0.39503583,0.32071483
Dueling_DQN,0,228,0.39419928,0.31730092
Dueling_DQN,0,229,0.39323074,0.3143843
Dueling_DQN,0,230,0.39226216,0.31086776
Dueling_DQN,0,231,0.3912937,0.30675125
Dueling_DQN,0,232,0.39023256,0.3028649
Dueling_DQN,0,233,0.38918877,0.29928204
Dueling_DQN,0,234,0.38814497,0.2950993
Dueling_DQN,0,235,0.38715506,0.2915105
Dueling_DQN,0,236,0.3860814,0.28732175
Dueling_DQN,0,237,0.38503295,0.283712
Dueling_DQN,0,238,0.38390636,0.2803822
Dueling_DQN,0,239,0.38277978,0.27645242
Dueling_DQN,0,240,0.38160238,0.27308673
Dueling_DQN,0,241,0.38042498,0.26912105
Dueling_DQN,0,242,0.3793665,0.26553035
Dueling_DQN,0,243,0.378308,0.26133952
Dueling_DQN,0,244,0.37715262,0.25805914
Dueling_DQN,0,245,0.37599725,0.2541788
Dueling_DQN,0,246,0.37500936,0.25041676
Dueling_DQN,0,247,0.37417945,0.24752285
Dueling_DQN,0,248,0.37334967,0.24402903
Dueling_DQN,0,249,0.37256345,0.24133359
Dueling_DQN,0,250,0.37177736,0.23803826
Dueling_DQN,0,251,0.3710805,0.23513068
Dueling_DQN,0,252,0.3702919,0.2316207
Dueling_DQN,0,253,0.3695181,0.2283464
Dueling_DQN,0,254,0.36855507,0.22513913
Dueling_DQN,0,255,0.3676816,0.22133447
Dueling_DQN,0,256,0.36671916,0.2180945
Dueling_DQN,0,257,0.3657567,0.21425457
Dueling_DQN,0,258,0.3648591,0.21139134
Dueling_DQN,0,259,0.36396152,0.20792808
Dueling_DQN,0,260,0.36293736,0.20454226
Dueling_DQN,0,261,0.3618926,0.20153362
Dueling_DQN,0,262,0.36084777,0.197925
Dueling_DQN,0,263,0.35969716,0.1951461
Dueling_DQN,0,264,0.35854644,0.19176716
Dueling_DQN,0,265,0.35739583,0.18778819
Dueling_DQN,0,266,0.35630578,0.18403281
Dueling_DQN,0,267,0.35532826,0.18080615
Dueling_DQN,0,268,0.35428628,0.17797008
Dueling_DQN,0,269,0.3532443,0.174534
Dueling_DQN,0,270,0.35207692,0.17169686
Dueling_DQN,0,271,0.35090953,0.16825977
Dueling_DQN,0,272,0.3497242,0.16545339
Dueling_DQN,0,273,0.34853888,0.16204698
Dueling_DQN,0,274,0.34741908,0.15803798
Dueling_DQN,0,275,0.3461214,0.15406759
Dueling_DQN,0,276,0.34466314,0.15057029
Dueling_DQN,0,277,0.3432048,0.146473
Dueling_DQN,0,278,0.3417057,0.14269088
Dueling_DQN,0,279,0.34020662,0.13830887
Dueling_DQN,0,280,0.33860397,0.13407834
Dueling_DQN,0,281,0.33700132,0.12924773
Dueling_DQN,0,282,0.33541203,0.12474798
Dueling_DQN,0,283,0.33384675,0.12087157
Dueling_DQN,0,284,0.3322815,0.11639522
Dueling_DQN,0,285,0.33078986,0.112620175
Dueling_DQN,0,286,0.32929832,0.108245164
Dueling_DQN,0,287,0.32772693,0.10387832
Dueling_DQN,0,288,0.3261095,0.10040689
Dueling_DQN,0,289,0.32449216,0.09633544
Dueling_DQN,0,290,0.32287472,0.09166404
Dueling_DQN,0,291,0.32116348,0.08765632
Dueling_DQN,0,292,0.3194521,0.08304857
Dueling_DQN,0,293,0.317811,0.07837487
Dueling_DQN,0,294,0.31620425,0.074337035
Dueling_DQN,0,295,0.31459743,0.06969911
Dueling_DQN,0,296,0.31304112,0.065108664
Dueling_DQN,0,297,0.31136018,0.060444843
Dueling_DQN,0,298,0.30961943,0.056144867
Dueling_DQN,0,299,0.30784234,0.051892888
Dueling_DQN,0,300,0.30600387,0.048217546
Dueling_DQN,0,301,0.30416536,0.043942176
Dueling_DQN,0,302,0.30241594,0.039060626
Dueling_DQN,0,303,0.30062962,0.03480428
Dueling_DQN,0,304,0.2988986,0.030616745
Dueling_DQN,0,305,0.29704008,0.02713903
Dueling_DQN,0,306,0.29518157,0.023061499
Dueling_DQN,0,307,0.29332295,0.0183843
Dueling_DQN,0,308,0.29156083,0.013101063
Dueling_DQN,0,309,0.2897423,0.008513341
Dueling_DQN,0,310,0.28810444,0.0040032603
Dueling_DQN,0,311,0.28663033,-0.00047155857
Dueling_DQN,0,312,0.28526288,-0.0036731148
Dueling_DQN,0,313,0.28394833,-0.0065191174
Dueling_DQN,0,314,0.2823557,-0.007986894
Dueling_DQN,0,315,0.28091222,-0.008965327
Dueling_DQN,0,316,0.27959937,-0.009473553
Dueling_DQN,0,317,0.278428,-0.009517219
Dueling_DQN,0,318,0.2774021,-0.009101978
Dueling_DQN,0,319,0.27650577,-0.008341696
Dueling_DQN,0,320,0.27577037,-0.0073850774
Dueling_DQN,0,321,0.27515516,-0.006444409
Dueling_DQN,0,322,0.27458572,-0.005674794
Dueling_DQN,0,323,0.27406168,-0.0051264786
Dueling_DQN,0,324,0.27367574,-0.004735019
Dueling_DQN,0,325,0.27333602,-0.004515114
Dueling_DQN,0,326,0.2731266,-0.0043481374
Dueling_DQN,0,327,0.27296513,-0.004206946
Dueling_DQN,0,328,0.27285233,-0.004026165
Dueling_DQN,0,329,0.27276316,-0.0037666345
Dueling_DQN,0,330,0.27265453,-0.003416803
Dueling_DQN,0,331,0.27252787,-0.0029862905
Dueling_DQN,0,332,0.27238542,-0.0025044226
Dueling_DQN,0,333,0.27223063,-0.002005067
Dueling_DQN,0,334,0.2720666,-0.0015185857
Dueling_DQN,0,335,0.2718954,-0.0010654712
Dueling_DQN,0,336,0.27171794,-0.0006537342
Dueling_DQN,0,337,0.2715355,-0.00027972698
Dueling_DQN,0,338,0.2713562,6.878137e-05
Dueling_DQN,0,339,0.27118474,0.00040652513
Dueling_DQN,0,340,0.27101955,0.00074687955
Dueling_DQN,0,341,0.27085382,0.001099
Dueling_DQN,0,342,0.27068025,0.0014667129
Dueling_DQN,0,343,0.27049485,0.001849339
Dueling_DQN,0,344,0.2702979,0.0022421575
Dueling_DQN,0,345,0.27009258,0.0026394462
Dueling_DQN,0,346,0.26988393,0.0030354834
Dueling_DQN,0,347,0.26967698,0.0034259416
Dueling_DQN,0,348,0.2694749,0.0038088178
Dueling_DQN,0,349,0.26927862,0.0041839336
Dueling_DQN,0,350,0.26908714,0.0045528985
Dueling_DQN,0,351,0.26894236,0.004550359
Dueling_DQN,0,352,0.26884565,0.004544494
Dueling_DQN,0,353,0.26879758,0.0045427773
Dueling_DQN,0,354,0.26879779,0.0045427773
Dueling_DQN,0,355,0.26881284,0.004543743
Dueling_DQN,0,356,0.2688225,0.0045443154
Dueling_DQN,0,357,0.2688238,0.0045443866
Dueling_DQN,0,358,0.26882154,0.0045442437
Dueling_DQN,0,359,0.26881963,0.0045441007
Dueling_DQN,0,360,0.26881915,0.0045441007
Dueling_DQN,0,361,0.26881942,0.0045441007
Dueling_DQN,0,362,0.2688198,0.0045441007
Dueling_DQN,0,363,0.2688199,0.0045441007
Dueling_DQN,0,364,0.2688199,0.0045441007
Dueling_DQN,0,365,0.2688198,0.0045441007
Dueling_DQN,0,366,0.2688198,0.0045441007
Dueling_DQN,0,367,0.2688198,0.0045441007
Dueling_DQN,0,368,0.2688198,0.0045441007
Dueling_DQN,0,369,0.2688198,0.0045441007
Dueling_DQN,0,370,0.2688198,0.0045441007
Dueling_DQN,0,371,0.2688198,0.0045441007
Dueling_DQN,0,372,0.2688198,0.0045441007
Dueling_DQN,0,373,0.2688198,0.0045441007
Dueling_DQN,0,374,0.2688198,0.0045441007
Dueling_DQN,0,375,0.2688198,0.0045441007
Dueling_DQN,0,376,0.2688198,0.0045441007
Dueling_DQN,0,377,0.2688198,0.0045441007
PER_DQN,0,0,0.0057061194,1.3990337
PER_DQN,0,1,0.011335659,1.3865806
PER_DQN,0,2,0.01688366,1.3735235
PER_DQN,0,3,0.0223382,1.3598566
PER_DQN,0,4,0.027719975,1.3455954
PER_DQN,0,5,0.0330184,1.3307384
PER_DQN,0,6,0.038256932,1.3152946
PER_DQN,0,7,0.043422602,1.2992563
PER_DQN,0,8,0.048504733,1.2826228
PER_DQN,0,9,0.053516768,1.2653803
PER_DQN,0,10,0.058442116,1.2475374
PER_DQN,0,11,0.06346111,1.2291011
PER_DQN,0,12,0.06839504,1.2100711
PER_DQN,0,13,0.07340002,1.1904511
PER_DQN,0,14,0.07831955,1.1702265
PER_DQN,0,15,0.08333254,1.1494131
PER_DQN,0,16,0.088428974,1.1280063
PER_DQN,0,17,0.09360304,1.1066289
PER_DQN,0,18,0.09857941,1.0859771
PER_DQN,0,19,0.1032773,1.0661286
PER_DQN,0,20,0.107975006,1.0456809
PER_DQN,0,21,0.11268683,1.0256436
PER_DQN,0,22,0.11716137,1.0057285
PER_DQN,0,23,0.12142868,0.98612565
PER_DQN,0,24,0.12565756,0.9665418
PER_DQN,0,25,0.12985544,0.94717884
PER_DQN,0,26,0.13412495,0.9279817
PER_DQN,0,27,0.13814059,0.9090364
PER_DQN,0,28,0.14215584,0.89069897
PER_DQN,0,29,0.14620027,0.87277853
PER_DQN,0,30,0.15007028,0.85527533
PER_DQN,0,31,0.15394345,0.83837885
PER_DQN,0,32,0.15756921,0.8223574
PER_DQN,0,33,0.160983,0.8070172
PER_DQN,0,34,0.16431789,0.7921626
PER_DQN,0,35,0.1676526,0.7767094
PER_DQN,0,36,0.17098704,0.7606576
PER_DQN,0,37,0.17432117,0.74400705
PER_DQN,0,38,0.17765503,0.72675806
PER_DQN,0,39,0.1810071,0.70948493
PER_DQN,0,40,0.184196,0.6931676
PER_DQN,0,41,0.18738441,0.676252
PER_DQN,0,42,0.19035988,0.66017133
PER_DQN,0,43,0.19333486,0.6434926
PER_DQN,0,44,0.19612952,0.62757415
PER_DQN,0,45,0.19892359,0.6110577
PER_DQN,0,46,0.20161161,0.5949475
PER_DQN,0,47,0.20422821,0.5788107
PER_DQN,0,48,0.20637044,0.5630393
PER_DQN,0,49,0.20851211,0.54667
PER_DQN,0,50,0.2102786,0.5308965
PER_DQN,0,51,0.21204433,0.5145252
PER_DQN,0,52,0.2138094,0.49755594
PER_DQN,0,53,0.21564159,0.4800381
PER_DQN,0,54,0.21754065,0.46198878
PER_DQN,0,55,0.21950063,0.44338477
PER_DQN,0,56,0.22151594,0.42423892
PER_DQN,0,57,0.22359486,0.40453744
PER_DQN,0,58,0.22574243,0.38429776
PER_DQN,0,59,0.22795686,0.36352494
PER_DQN,0,60,0.23023768,0.34220368
PER_DQN,0,61,0.23258772,0.32035112
PER_DQN,0,62,0.23439293,0.29919443
PER_DQN,0,63,0.23586807,0.2784261
PER_DQN,0,64,0.23677358,0.25820097
PER_DQN,0,65,0.237506,0.23831779
PER_DQN,0,66,0.23816137,0.21841986
PER_DQN,0,67,0.23862123,0.19885363
PER_DQN,0,68,0.23887062,0.17912558
PER_DQN,0,69,0.23898134,0.15937394
PER_DQN,0,70,0.2389082,0.13979359
PER_DQN,0,71,0.23825197,0.120865926
PER_DQN,0,72,0.23701915,0.1025041
PER_DQN,0,73,0.23548622,0.08435005
PER_DQN,0,74,0.23380089,0.0666406
PER_DQN,0,75,0.23165874,0.049485337
PER_DQN,0,76,0.22940007,0.03254293
PER_DQN,0,77,0.2269493,0.01763514
PER_DQN,0,78,0.22423649,0.0037675477
PER_DQN,0,79,0.22099447,-0.009407392
PER_DQN,0,80,0.2173975,-0.021138266
PPO,0,0,0.0057061194,1.3990337
PPO,0,1,0.011433983,1.3880007
PPO,0,2,0.017141152,1.3772062
PPO,0,3,0.022718335,1.3663702
PPO,0,4,0.028223038,1.3549417
PPO,0,5,0.03371029,1.3440849
PPO,0,6,0.039412785,1.3341872
PPO,0,7,0.045042895,1.3236985
PPO,0,8,0.05067005,1.313858
PPO,0,9,0.056227017,1.3034135
PPO,0,10,0.061750222,1.2934483
PPO,0,11,0.0674509,1.2839043
PPO,0,12,0.073152065,1.2752664
PPO,0,13,0.07876758,1.2660367
PPO,0,14,0.08436413,1.2573578
PPO,0,15,0.0901351,1.2490015
PPO,0,16,0.09597655,1.240803
PPO,0,17,0.10195913,1.2326078
PPO,0,18,0.1078887,1.2251672
PPO,0,19,0.11372213,1.2171422
PPO,0,20,0.1194519,1.2094015
PPO,0,21,0.12531433,1.2020507
PPO,0,22,0.13103056,1.1948738
PPO,0,23,0.136656,1.18805
PPO,0,24,0.14232178,1.1812444
PPO,0,25,0.14806357,1.1746523
PPO,0,26,0.15397692,1.1681887
PPO,0,27,0.15975705,1.162036
PPO,0,28,0.16570406,1.1564641
PPO,0,29,0.1718235,1.1512759
PPO,0,30,0.17791958,1.146537
PPO,0,31,0.18419667,1.1423726
PPO,0,32,0.19039306,1.1376191
PPO,0,33,0.19657783,1.1335853
PPO,0,34,0.20285273,1.1300346
PPO,0,35,0.20919533,1.1268468
PPO,0,36,0.21566495,1.1243378
PPO,0,37,0.22219868,1.1218798
PPO,0,38,0.22884826,1.1203316
PPO,0,39,0.23560686,1.1187365
PPO,0,40,0.24245329,1.1181108
PPO,0,41,0.2494317,1.117587
PPO,0,42,0.25643033,1.1179332
PPO,0,43,0.26325473,1.1186862
PPO,0,44,0.27011853,1.1202248
PPO,0,45,0.27706242,1.1211767
PPO,0,46,0.28406334,1.1225426
PPO,0,47,0.2911523,1.1233207
PPO,0,48,0.297939,1.1246074
PPO,0,49,0.30478382,1.1253164
PPO,0,50,0.311469,1.1267233
PPO,0,51,0.31821346,1.127559
PPO,0,52,0.32501736,1.1278214
PPO,0,53,0.331676,1.1283432
PPO,0,54,0.33841258,1.1283015
PPO,0,55,0.34494582,1.1284081
PPO,0,56,0.35117617,1.1293058
PPO,0,57,0.357477,1.1296171
PPO,0,58,0.36363602,1.1304479
PPO,0,59,0.36987343,1.1307118
PPO,0,60,0.37596473,1.1311742
PPO,0,61,0.38205594,1.1310369
PPO,0,62,0.38789302,1.1317832
PPO,0,63,0.39373007,1.1319295
PPO,0,64,0.39956713,1.1314759
PPO,0,65,0.40542728,1.1313986
PPO,0,66,0.41132984,1.1313138
PPO,0,67,0.41722822,1.131606
PPO,0,68,0.42301074,1.1318092
PPO,0,69,0.4287718,1.132024
PPO,0,70,0.4345042,1.1324568
PPO,0,71,0.44023657,1.1322896
PPO,0,72,0.44563407,1.1328838
PPO,0,73,0.4510316,1.1328783
PPO,0,74,0.45647374,1.1333398
PPO,0,75,0.46191588,1.1332011
PPO,0,76,0.46739072,1.1332926
PPO,0,77,0.47294265,1.1328146
PPO,0,78,0.47856656,1.132656
PPO,0,79,0.4839754,1.1327089
PPO,0,80,0.48938417,1.1321616
PPO,0,81,0.49481574,1.132264
PPO,0,82,0.5002473,1.1317664
PPO,0,83,0.5054247,1.132051
PPO,0,84,0.5106021,1.1317354
PPO,0,85,0.51551664,1.1320447
PPO,0,86,0.52043134,1.131754
PPO,0,87,0.5253459,1.1308634
PPO,0,88,0.53019094,1.1300932
PPO,0,89,0.5347732,1.1297463
PPO,0,90,0.5393554,1.1287996
PPO,0,91,0.5439808,1.1278007
PPO,0,92,0.5484805,1.1277411
PPO,0,93,0.55298024,1.1270819
PPO,0,94,0.5572481,1.1270134
PPO,0,95,0.561516,1.1263453
PPO,0,96,0.56578386,1.1250772
PPO,0,97,0.5700412,1.1242661
PPO,0,98,0.57419235,1.1235499
PPO,0,99,0.5783435,1.1222336
PPO,0,100,0.58240175,1.1209208
PPO,0,101,0.58632356,1.1204337
PPO,0,102,0.5902454,1.1193467
PPO,0,103,0.5939075,1.1191064
PPO,0,104,0.59756947,1.1182661
PPO,0,105,0.6012316,1.116826
PPO,0,106,0.60469055,1.1158025
PPO,0,107,0.6080635,1.1141686
PPO,0,108,0.61132777,1.1131942
PPO,0,109,0.6145922,1.1116198
PPO,0,110,0.6178402,1.1100682
PPO,0,111,0.6211481,1.1086614
PPO,0,112,0.6245602,1.1077138
PPO,0,113,0.62797225,1.1061665
PPO,0,114,0.6312822,1.1053746
PPO,0,115,0.63459224,1.1039827
PPO,0,116,0.6379677,1.103219
PPO,0,117,0.6413433,1.1018555
PPO,0,118,0.64459074,1.1008015
PPO,0,119,0.6479271,1.0991735
PPO,0,120,0.65116423,1.0979693
PPO,0,121,0.6544012,1.0961651
PPO,0,122,0.6576597,1.0950375
PPO,0,123,0.66091806,1.09331
PPO,0,124,0.6639906,1.0923215
PPO,0,125,0.66706294,1.0907333
PPO,0,126,0.6699284,1.0896134
PPO,0,127,0.672794,1.0878937
PPO,0,128,0.67571336,1.0868905
PPO,0,129,0.67863274,1.0852873
PPO,0,130,0.6816524,1.0844864
PPO,0,131,0.68467236,1.0830853
PPO,0,132,0.6876316,1.081089
PPO,0,133,0.6906284,1.0795527
PPO,0,134,0.693539,1.0788933
PPO,0,135,0.6964499,1.0776341
PPO,0,136,0.69936067,1.0757748
PPO,0,137,0.7020645,1.074417
PPO,0,138,0.7047682,1.0724592
PPO,0,139,0.70739233,1.0709188
PPO,0,140,0.7099968,1.0697478
PPO,0,141,0.7126013,1.0679767
PPO,0,142,0.7152588,1.0668573
PPO,0,143,0.7179163,1.065138
PPO,0,144,0.72062075,1.0633923
PPO,0,145,0.7233845,1.0621785
PPO,0,146,0.7262394,1.0603765
PPO,0,147,0.7289568,1.0595328
PPO,0,148,0.7316742,1.0580891
PPO,0,149,0.73439157,1.0560455
PPO,0,150,0.73691577,1.0545244
PPO,0,151,0.73944014,1.0524036
PPO,0,152,0.7420616,1.0504193
PPO,0,153,0.7446253,1.0489478
PPO,0,154,0.7471889,1.0468763
PPO,0,155,0.74963343,1.04545
PPO,0,156,0.7520779,1.0434237
PPO,0,157,0.7544216,1.0416943
PPO,0,158,0.75676537,1.0393648
PPO,0,159,0.7588934,1.0374793
PPO,0,160,0.76102126,1.0349938
PPO,0,161,0.7631203,1.03326
PPO,0,162,0.7652191,1.0309265
PPO,0,163,0.76737785,1.028535
PPO,0,164,0.76954937,1.026822
PPO,0,165,0.7716249,1.0245051
PPO,0,166,0.77370375,1.022372
PPO,0,167,0.77593267,1.0205879
PPO,0,168,0.77798784,1.0196862
PPO,0,169,0.7800428,1.0181844
PPO,0,170,0.7820978,1.0160828
PPO,0,171,0.7842566,1.0146652
PPO,0,172,0.7864151,1.0126479
PPO,0,173,0.7885561,1.0114173
PPO,0,174,0.7906971,1.0095865
PPO,0,175,0.7926403,1.0077407
PPO,0,176,0.79442847,1.0064158
PPO,0,177,0.7962168,1.0044911
PPO,0,178,0.79807967,1.0019717
PPO,0,179,0.8000048,0.9996267
PPO,0,180,0.80196893,0.99788576
PPO,0,181,0.80393314,0.995545
PPO,0,182,0.8058332,0.9936699
PPO,0,183,0.80773354,0.99119496
PPO,0,184,0.80945987,0.98962414
PPO,0,185,0.8111862,0.98745316
PPO,0,186,0.812871,0.98561496
PPO,0,187,0.81455594,0.9831768
PPO,0,188,0.8162931,0.9815456
PPO,0,189,0.81803036,0.97931445
PPO,0,190,0.81961215,0.97786176
PPO,0,191,0.8211939,0.9758091
PPO,0,192,0.8227755,0.9731565
PPO,0,193,0.82449853,0.9706487
PPO,0,194,0.82602656,0.9681543
PPO,0,195,0.8277136,0.9659316
PPO,0,196,0.8295034,0.9639161
PPO,0,197,0.8313095,0.9620078
PPO,0,198,0.8331156,0.95949954
PPO,0,199,0.83491576,0.95794433
PPO,0,200,0.8367157,0.95578897
PPO,0,201,0.83862895,0.9543802
PPO,0,202,0.840542,0.9523715
PPO,0,203,0.8423319,0.9508354
PPO,0,204,0.84412175,0.94869936
PPO,0,205,0.8459002,0.947093
PPO,0,206,0.84767836,0.9448866
PPO,0,207,0.8494879,0.94272155
PPO,0,208,0.8513176,0.9409165
PPO,0,209,0.8531473,0.9385114
PPO,0,210,0.85495454,0.93679875
PPO,0,211,0.85676193,0.9344861
PPO,0,212,0.8586222,0.93234146
PPO,0,213,0.8603409,0.93084353
PPO,0,214,0.8620596,0.92874587
PPO,0,215,0.86387557,0.9271355
PPO,0,216,0.8656918,0.9249254
PPO,0,217,0.86736166,0.9229025
PPO,0,218,0.86912364,0.92155653
PPO,0,219,0.87088567,0.91961044
PPO,0,220,0.8726395,0.918193
PPO,0,221,0.8743933,0.91617554
PPO,0,222,0.876264,0.9142635
PPO,0,223,0.87792623,0.91320133
PPO,0,224,0.8795883,0.91153926
PPO,0,225,0.88133353,0.9092899
PPO,0,226,0.8829172,0.9071556
PPO,0,227,0.8845848,0.9054827
PPO,0,228,0.8862522,0.9032098
PPO,0,229,0.887777,0.9014311
PPO,0,230,0.88930166,0.89905256
PPO,0,231,0.8907541,0.8974563
PPO,0,232,0.89220655,0.89526016
PPO,0,233,0.8936588,0.8924641
PPO,0,234,0.89503556,0.8901428
PPO,0,235,0.89645255,0.8884166
PPO,0,236,0.89786947,0.8860903
PPO,0,237,0.89929926,0.8843436
PPO,0,238,0.900729,0.88199705
PPO,0,239,0.9021832,0.8801481
PPO,0,240,0.9036373,0.8776993
PPO,0,241,0.905254,0.87577313
PPO,0,242,0.9068705,0.87324685
PPO,0,243,0.9086164,0.8707339
PPO,0,244,0.9102575,0.86913
PPO,0,245,0.9118986,0.86692613
PPO,0,246,0.91370374,0.8648425
PPO,0,247,0.91565955,0.86362857
PPO,0,248,0.91761553,0.8618148
PPO,0,249,0.9196089,0.86079973
PPO,0,250,0.92160225,0.8591848
PPO,0,251,0.9235956,0.85696995
PPO,0,252,0.92545736,0.8552004
PPO,0,253,0.92731917,0.85283077
PPO,0,254,0.92899245,0.85052866
PPO,0,255,0.9307451,0.84860903
PPO,0,256,0.93241423,0.84725493
PPO,0,257,0.93408316,0.84530085
PPO,0,258,0.93582594,0.8443225
PPO,0,259,0.93756866,0.84274423
PPO,0,260,0.9393114,0.84056586
PPO,0,261,0.9410408,0.83876497
PPO,0,262,0.9427702,0.83636415
PPO,0,263,0.9444054,0.8347947
PPO,0,264,0.94604033,0.8326253
PPO,0,265,0.94752234,0.83113164
PPO,0,266,0.9490042,0.8290379
PPO,0,267,0.9506105,0.82747006
PPO,0,268,0.9522169,0.8253023
PPO,0,269,0.9537088,0.8233755
PPO,0,270,0.9552008,0.8208488
PPO,0,271,0.9565813,0.8191462
PPO,0,272,0.95796204,0.8168438
PPO,0,273,0.95946467,0.8151302
PPO,0,274,0.96096724,0.8128168
PPO,0,275,0.962303,0.81054854
PPO,0,276,0.96349657,0.80875915
PPO,0,277,0.9646902,0.8063699
PPO,0,278,0.9658583,0.8042971
PPO,0,279,0.96702635,0.8016245
PPO,0,280,0.9681028,0.7991065
PPO,0,281,0.96912706,0.7974834
PPO,0,282,0.9701513,0.79526055
PPO,0,283,0.97117555,0.79243773
PPO,0,284,0.9722227,0.7896286
PPO,0,285,0.9733637,0.7875182
PPO,0,286,0.9745048,0.7848075
PPO,0,287,0.9755758,0.7821077
PPO,0,288,0.9766243,0.7803047
PPO,0,289,0.97767276,0.7779016
PPO,0,290,0.9787067,0.77621454
PPO,0,291,0.97974074,0.77392745
PPO,0,292,0.9807749,0.7710404
PPO,0,293,0.98188746,0.7680848
PPO,0,294,0.9830532,0.7657635
PPO,0,295,0.98424685,0.76408756
PPO,0,296,0.98544043,0.7618116
PPO,0,297,0.98651755,0.7594664
PPO,0,298,0.9875488,0.75748676
PPO,0,299,0.9885799,0.7549071
PPO,0,300,0.98956716,0.75290567
PPO,0,301,0.99055445,0.7503043
PPO,0,302,0.9916338,0.7477777
PPO,0,303,0.9926914,0.74587685
PPO,0,304,0.993749,0.7433757
PPO,0,305,0.9946903,0.74158686
PPO,0,306,0.9956316,0.7391981
PPO,0,307,0.99650365,0.7362205
PPO,0,308,0.9975414,0.73345155
PPO,0,309,0.9984678,0.73063517
PPO,0,310,0.9994839,0.72799534
